timeStamp,elapsed,label,responseCode,responseMessage,threadName,dataType,success,failureMessage,bytes,sentBytes,grpThreads,allThreads,URL,Latency,IdleTime,Connect
1730587202506,548,100Peticiones,403,Forbidden,Thread Group 1-45,,false,,273,332,98,98,https://parcialback-rf6a.onrender.com/mutant,543,0,214
1730587202506,548,100Peticiones,403,Forbidden,Thread Group 1-45,,false,,273,332,98,98,https://parcialback-rf6a.onrender.com/mutant,543,0,214
1730587202627,512,100Peticiones,403,Forbidden,Thread Group 1-57,,false,,273,332,98,98,https://parcialback-rf6a.onrender.com/mutant,512,0,96
1730587202627,512,100Peticiones,403,Forbidden,Thread Group 1-57,,false,,273,332,98,98,https://parcialback-rf6a.onrender.com/mutant,512,0,96
1730587202397,838,100Peticiones,403,Forbidden,Thread Group 1-34,,false,,273,332,98,98,https://parcialback-rf6a.onrender.com/mutant,838,0,329
1730587202397,838,100Peticiones,403,Forbidden,Thread Group 1-34,,false,,273,332,98,98,https://parcialback-rf6a.onrender.com/mutant,838,0,329
1730587202647,762,100Peticiones,403,Forbidden,Thread Group 1-59,,false,,273,332,97,97,https://parcialback-rf6a.onrender.com/mutant,762,0,77
1730587202647,762,100Peticiones,403,Forbidden,Thread Group 1-59,,false,,273,332,97,97,https://parcialback-rf6a.onrender.com/mutant,762,0,77
1730587202199,1317,100Peticiones,200,OK,Thread Group 1-14,,true,,266,332,96,96,https://parcialback-rf6a.onrender.com/mutant,1317,0,521
1730587202199,1317,100Peticiones,200,OK,Thread Group 1-14,,true,,266,332,96,96,https://parcialback-rf6a.onrender.com/mutant,1317,0,521
1730587202246,1357,100Peticiones,403,Forbidden,Thread Group 1-19,,false,,273,332,95,95,https://parcialback-rf6a.onrender.com/mutant,1357,0,473
1730587202246,1357,100Peticiones,403,Forbidden,Thread Group 1-19,,false,,273,332,95,95,https://parcialback-rf6a.onrender.com/mutant,1357,0,473
1730587202500,1218,100Peticiones,403,Forbidden,Thread Group 1-44,,false,,273,332,94,94,https://parcialback-rf6a.onrender.com/mutant,1218,0,219
1730587202500,1218,100Peticiones,403,Forbidden,Thread Group 1-44,,false,,273,332,94,94,https://parcialback-rf6a.onrender.com/mutant,1218,0,219
1730587202319,1475,100Peticiones,403,Forbidden,Thread Group 1-26,,false,,273,332,93,93,https://parcialback-rf6a.onrender.com/mutant,1475,0,407
1730587202319,1475,100Peticiones,403,Forbidden,Thread Group 1-26,,false,,273,332,93,93,https://parcialback-rf6a.onrender.com/mutant,1475,0,407
1730587202258,1537,100Peticiones,403,Forbidden,Thread Group 1-20,,false,,273,332,92,92,https://parcialback-rf6a.onrender.com/mutant,1537,0,462
1730587202258,1537,100Peticiones,403,Forbidden,Thread Group 1-20,,false,,273,332,92,92,https://parcialback-rf6a.onrender.com/mutant,1537,0,462
1730587202458,1440,100Peticiones,403,Forbidden,Thread Group 1-40,,false,,273,332,91,91,https://parcialback-rf6a.onrender.com/mutant,1440,0,261
1730587202458,1440,100Peticiones,403,Forbidden,Thread Group 1-40,,false,,273,332,91,91,https://parcialback-rf6a.onrender.com/mutant,1440,0,261
1730587202567,1332,100Peticiones,403,Forbidden,Thread Group 1-51,,false,,273,332,90,90,https://parcialback-rf6a.onrender.com/mutant,1332,0,152
1730587202567,1332,100Peticiones,403,Forbidden,Thread Group 1-51,,false,,273,332,90,90,https://parcialback-rf6a.onrender.com/mutant,1332,0,152
1730587202309,1603,100Peticiones,403,Forbidden,Thread Group 1-25,,false,,273,332,89,89,https://parcialback-rf6a.onrender.com/mutant,1603,0,420
1730587202309,1603,100Peticiones,403,Forbidden,Thread Group 1-25,,false,,273,332,89,89,https://parcialback-rf6a.onrender.com/mutant,1603,0,420
1730587202468,1444,100Peticiones,403,Forbidden,Thread Group 1-41,,false,,273,332,89,89,https://parcialback-rf6a.onrender.com/mutant,1444,0,252
1730587202468,1444,100Peticiones,403,Forbidden,Thread Group 1-41,,false,,273,332,89,89,https://parcialback-rf6a.onrender.com/mutant,1444,0,252
1730587202357,1650,100Peticiones,403,Forbidden,Thread Group 1-30,,false,,273,332,87,87,https://parcialback-rf6a.onrender.com/mutant,1650,0,371
1730587202357,1650,100Peticiones,403,Forbidden,Thread Group 1-30,,false,,273,332,87,87,https://parcialback-rf6a.onrender.com/mutant,1650,0,371
1730587202876,1137,100Peticiones,403,Forbidden,Thread Group 1-81,,false,,273,332,86,86,https://parcialback-rf6a.onrender.com/mutant,1137,0,68
1730587202876,1137,100Peticiones,403,Forbidden,Thread Group 1-81,,false,,273,332,86,86,https://parcialback-rf6a.onrender.com/mutant,1137,0,68
1730587202366,1730,100Peticiones,403,Forbidden,Thread Group 1-31,,false,,273,332,85,85,https://parcialback-rf6a.onrender.com/mutant,1730,0,354
1730587202366,1730,100Peticiones,403,Forbidden,Thread Group 1-31,,false,,273,332,85,85,https://parcialback-rf6a.onrender.com/mutant,1730,0,354
1730587202395,1719,100Peticiones,403,Forbidden,Thread Group 1-32,,false,,273,332,84,84,https://parcialback-rf6a.onrender.com/mutant,1719,0,325
1730587202395,1719,100Peticiones,403,Forbidden,Thread Group 1-32,,false,,273,332,84,84,https://parcialback-rf6a.onrender.com/mutant,1719,0,325
1730587202437,1682,100Peticiones,403,Forbidden,Thread Group 1-38,,false,,273,332,83,83,https://parcialback-rf6a.onrender.com/mutant,1682,0,282
1730587202437,1682,100Peticiones,403,Forbidden,Thread Group 1-38,,false,,273,332,83,83,https://parcialback-rf6a.onrender.com/mutant,1682,0,282
1730587202432,1963,100Peticiones,403,Forbidden,Thread Group 1-37,,false,,273,332,82,82,https://parcialback-rf6a.onrender.com/mutant,1963,0,296
1730587202432,1963,100Peticiones,403,Forbidden,Thread Group 1-37,,false,,273,332,82,82,https://parcialback-rf6a.onrender.com/mutant,1963,0,296
1730587202278,2125,100Peticiones,403,Forbidden,Thread Group 1-22,,false,,273,332,81,81,https://parcialback-rf6a.onrender.com/mutant,2125,0,442
1730587202278,2125,100Peticiones,403,Forbidden,Thread Group 1-22,,false,,273,332,81,81,https://parcialback-rf6a.onrender.com/mutant,2125,0,442
1730587202548,1861,100Peticiones,403,Forbidden,Thread Group 1-49,,false,,273,332,80,80,https://parcialback-rf6a.onrender.com/mutant,1861,0,180
1730587202548,1861,100Peticiones,403,Forbidden,Thread Group 1-49,,false,,273,332,80,80,https://parcialback-rf6a.onrender.com/mutant,1861,0,180
1730587202152,2342,100Peticiones,403,Forbidden,Thread Group 1-4,,false,,273,332,79,79,https://parcialback-rf6a.onrender.com/mutant,2342,0,567
1730587202152,2342,100Peticiones,403,Forbidden,Thread Group 1-4,,false,,273,332,79,79,https://parcialback-rf6a.onrender.com/mutant,2342,0,567
1730587202579,1915,100Peticiones,200,OK,Thread Group 1-52,,true,,266,332,79,79,https://parcialback-rf6a.onrender.com/mutant,1915,0,141
1730587202579,1915,100Peticiones,200,OK,Thread Group 1-52,,true,,266,332,79,79,https://parcialback-rf6a.onrender.com/mutant,1915,0,141
1730587202397,2099,100Peticiones,403,Forbidden,Thread Group 1-33,,false,,273,332,77,77,https://parcialback-rf6a.onrender.com/mutant,2099,0,323
1730587202397,2099,100Peticiones,403,Forbidden,Thread Group 1-33,,false,,273,332,77,77,https://parcialback-rf6a.onrender.com/mutant,2099,0,323
1730587202447,2050,100Peticiones,403,Forbidden,Thread Group 1-39,,false,,273,332,76,76,https://parcialback-rf6a.onrender.com/mutant,2050,0,272
1730587202447,2050,100Peticiones,403,Forbidden,Thread Group 1-39,,false,,273,332,76,76,https://parcialback-rf6a.onrender.com/mutant,2050,0,272
1730587202417,2081,100Peticiones,403,Forbidden,Thread Group 1-36,,false,,273,332,75,75,https://parcialback-rf6a.onrender.com/mutant,2081,0,303
1730587202417,2081,100Peticiones,403,Forbidden,Thread Group 1-36,,false,,273,332,75,75,https://parcialback-rf6a.onrender.com/mutant,2081,0,303
1730587202152,2348,100Peticiones,403,Forbidden,Thread Group 1-5,,false,,273,332,74,74,https://parcialback-rf6a.onrender.com/mutant,2348,0,576
1730587202152,2348,100Peticiones,403,Forbidden,Thread Group 1-5,,false,,273,332,74,74,https://parcialback-rf6a.onrender.com/mutant,2348,0,576
1730587202218,2378,100Peticiones,403,Forbidden,Thread Group 1-16,,false,,273,332,73,73,https://parcialback-rf6a.onrender.com/mutant,2378,0,506
1730587202218,2378,100Peticiones,403,Forbidden,Thread Group 1-16,,false,,273,332,73,73,https://parcialback-rf6a.onrender.com/mutant,2378,0,506
1730587202493,2103,100Peticiones,403,Forbidden,Thread Group 1-43,,false,,273,332,73,73,https://parcialback-rf6a.onrender.com/mutant,2103,0,227
1730587202493,2103,100Peticiones,403,Forbidden,Thread Group 1-43,,false,,273,332,73,73,https://parcialback-rf6a.onrender.com/mutant,2103,0,227
1730587202338,2263,100Peticiones,403,Forbidden,Thread Group 1-28,,false,,273,332,71,71,https://parcialback-rf6a.onrender.com/mutant,2263,0,381
1730587202338,2263,100Peticiones,403,Forbidden,Thread Group 1-28,,false,,273,332,71,71,https://parcialback-rf6a.onrender.com/mutant,2263,0,381
1730587202624,1989,100Peticiones,403,Forbidden,Thread Group 1-56,,false,,273,332,70,70,https://parcialback-rf6a.onrender.com/mutant,1989,0,100
1730587202624,1989,100Peticiones,403,Forbidden,Thread Group 1-56,,false,,273,332,70,70,https://parcialback-rf6a.onrender.com/mutant,1989,0,100
1730587202636,2156,100Peticiones,403,Forbidden,Thread Group 1-58,,false,,273,332,69,69,https://parcialback-rf6a.onrender.com/mutant,2156,0,91
1730587202636,2156,100Peticiones,403,Forbidden,Thread Group 1-58,,false,,273,332,69,69,https://parcialback-rf6a.onrender.com/mutant,2156,0,91
1730587202526,2271,100Peticiones,403,Forbidden,Thread Group 1-47,,false,,273,332,68,68,https://parcialback-rf6a.onrender.com/mutant,2271,0,203
1730587202526,2271,100Peticiones,403,Forbidden,Thread Group 1-47,,false,,273,332,68,68,https://parcialback-rf6a.onrender.com/mutant,2271,0,203
1730587202226,2592,100Peticiones,403,Forbidden,Thread Group 1-17,,false,,273,332,67,67,https://parcialback-rf6a.onrender.com/mutant,2592,0,493
1730587202226,2592,100Peticiones,403,Forbidden,Thread Group 1-17,,false,,273,332,67,67,https://parcialback-rf6a.onrender.com/mutant,2592,0,493
1730587202597,2396,100Peticiones,200,OK,Thread Group 1-54,,true,,266,332,66,66,https://parcialback-rf6a.onrender.com/mutant,2396,0,129
1730587202597,2396,100Peticiones,200,OK,Thread Group 1-54,,true,,266,332,66,66,https://parcialback-rf6a.onrender.com/mutant,2396,0,129
1730587203226,1784,100Peticiones,403,Forbidden,Thread Group 1-100,,false,,273,332,65,65,https://parcialback-rf6a.onrender.com/mutant,1784,0,67
1730587203226,1784,100Peticiones,403,Forbidden,Thread Group 1-100,,false,,273,332,65,65,https://parcialback-rf6a.onrender.com/mutant,1784,0,67
1730587202946,2151,100Peticiones,403,Forbidden,Thread Group 1-89,,false,,273,332,64,64,https://parcialback-rf6a.onrender.com/mutant,2151,0,67
1730587202946,2151,100Peticiones,403,Forbidden,Thread Group 1-89,,false,,273,332,64,64,https://parcialback-rf6a.onrender.com/mutant,2151,0,67
1730587203006,2095,100Peticiones,403,Forbidden,Thread Group 1-95,,false,,273,332,63,63,https://parcialback-rf6a.onrender.com/mutant,2095,0,71
1730587203006,2095,100Peticiones,403,Forbidden,Thread Group 1-95,,false,,273,332,63,63,https://parcialback-rf6a.onrender.com/mutant,2095,0,71
1730587202817,2384,100Peticiones,403,Forbidden,Thread Group 1-76,,false,,273,332,62,62,https://parcialback-rf6a.onrender.com/mutant,2384,0,82
1730587202817,2384,100Peticiones,403,Forbidden,Thread Group 1-76,,false,,273,332,62,62,https://parcialback-rf6a.onrender.com/mutant,2384,0,82
1730587202268,3053,100Peticiones,403,Forbidden,Thread Group 1-21,,false,,273,332,61,61,https://parcialback-rf6a.onrender.com/mutant,3053,0,456
1730587202268,3053,100Peticiones,403,Forbidden,Thread Group 1-21,,false,,273,332,61,61,https://parcialback-rf6a.onrender.com/mutant,3053,0,456
1730587202179,3217,100Peticiones,403,Forbidden,Thread Group 1-12,,false,,273,332,60,60,https://parcialback-rf6a.onrender.com/mutant,3217,0,550
1730587202179,3217,100Peticiones,403,Forbidden,Thread Group 1-12,,false,,273,332,60,60,https://parcialback-rf6a.onrender.com/mutant,3217,0,550
1730587202717,2779,100Peticiones,403,Forbidden,Thread Group 1-66,,false,,273,332,59,59,https://parcialback-rf6a.onrender.com/mutant,2779,0,66
1730587202717,2779,100Peticiones,403,Forbidden,Thread Group 1-66,,false,,273,332,59,59,https://parcialback-rf6a.onrender.com/mutant,2779,0,66
1730587202846,2650,100Peticiones,403,Forbidden,Thread Group 1-79,,false,,273,332,59,59,https://parcialback-rf6a.onrender.com/mutant,2650,0,73
1730587202846,2650,100Peticiones,403,Forbidden,Thread Group 1-79,,false,,273,332,59,59,https://parcialback-rf6a.onrender.com/mutant,2650,0,73
1730587202152,3349,100Peticiones,403,Forbidden,Thread Group 1-9,,false,,273,332,57,57,https://parcialback-rf6a.onrender.com/mutant,3349,0,577
1730587202152,3349,100Peticiones,403,Forbidden,Thread Group 1-9,,false,,273,332,57,57,https://parcialback-rf6a.onrender.com/mutant,3349,0,577
1730587202806,2712,100Peticiones,403,Forbidden,Thread Group 1-75,,false,,273,332,56,56,https://parcialback-rf6a.onrender.com/mutant,2712,0,78
1730587202806,2712,100Peticiones,403,Forbidden,Thread Group 1-75,,false,,273,332,56,56,https://parcialback-rf6a.onrender.com/mutant,2712,0,78
1730587202158,3480,100Peticiones,403,Forbidden,Thread Group 1-10,,false,,273,332,55,55,https://parcialback-rf6a.onrender.com/mutant,3480,0,569
1730587202158,3480,100Peticiones,403,Forbidden,Thread Group 1-10,,false,,273,332,55,55,https://parcialback-rf6a.onrender.com/mutant,3480,0,569
1730587202679,3035,100Peticiones,403,Forbidden,Thread Group 1-62,,false,,273,332,54,54,https://parcialback-rf6a.onrender.com/mutant,3035,0,82
1730587202679,3035,100Peticiones,403,Forbidden,Thread Group 1-62,,false,,273,332,54,54,https://parcialback-rf6a.onrender.com/mutant,3035,0,82
1730587202236,3762,100Peticiones,403,Forbidden,Thread Group 1-18,,false,,273,332,53,53,https://parcialback-rf6a.onrender.com/mutant,3762,0,483
1730587202236,3762,100Peticiones,403,Forbidden,Thread Group 1-18,,false,,273,332,53,53,https://parcialback-rf6a.onrender.com/mutant,3762,0,483
1730587202187,3823,100Peticiones,200,OK,Thread Group 1-13,,true,,266,332,52,52,https://parcialback-rf6a.onrender.com/mutant,3823,0,542
1730587202187,3823,100Peticiones,200,OK,Thread Group 1-13,,true,,266,332,52,52,https://parcialback-rf6a.onrender.com/mutant,3823,0,542
1730587202152,4191,100Peticiones,403,Forbidden,Thread Group 1-3,,false,,273,332,51,51,https://parcialback-rf6a.onrender.com/mutant,4191,0,572
1730587202152,4191,100Peticiones,403,Forbidden,Thread Group 1-3,,false,,273,332,51,51,https://parcialback-rf6a.onrender.com/mutant,4191,0,572
1730587202856,3654,100Peticiones,403,Forbidden,Thread Group 1-80,,false,,273,332,50,50,https://parcialback-rf6a.onrender.com/mutant,3654,0,65
1730587202856,3654,100Peticiones,403,Forbidden,Thread Group 1-80,,false,,273,332,50,50,https://parcialback-rf6a.onrender.com/mutant,3654,0,65
1730587203017,3500,100Peticiones,403,Forbidden,Thread Group 1-96,,false,,273,332,49,49,https://parcialback-rf6a.onrender.com/mutant,3500,0,76
1730587203017,3500,100Peticiones,403,Forbidden,Thread Group 1-96,,false,,273,332,49,49,https://parcialback-rf6a.onrender.com/mutant,3500,0,76
1730587203027,3682,100Peticiones,403,Forbidden,Thread Group 1-97,,false,,273,332,48,48,https://parcialback-rf6a.onrender.com/mutant,3682,0,74
1730587203027,3682,100Peticiones,403,Forbidden,Thread Group 1-97,,false,,273,332,48,48,https://parcialback-rf6a.onrender.com/mutant,3682,0,74
1730587202746,3999,100Peticiones,403,Forbidden,Thread Group 1-69,,false,,273,332,47,47,https://parcialback-rf6a.onrender.com/mutant,3999,0,76
1730587202746,3999,100Peticiones,403,Forbidden,Thread Group 1-69,,false,,273,332,47,47,https://parcialback-rf6a.onrender.com/mutant,3999,0,76
1730587202988,4224,100Peticiones,403,Forbidden,Thread Group 1-93,,false,,273,332,46,46,https://parcialback-rf6a.onrender.com/mutant,4224,0,70
1730587202988,4224,100Peticiones,403,Forbidden,Thread Group 1-93,,false,,273,332,46,46,https://parcialback-rf6a.onrender.com/mutant,4224,0,70
1730587202727,4598,100Peticiones,403,Forbidden,Thread Group 1-67,,false,,273,332,45,45,https://parcialback-rf6a.onrender.com/mutant,4598,0,73
1730587202727,4598,100Peticiones,403,Forbidden,Thread Group 1-67,,false,,273,332,45,45,https://parcialback-rf6a.onrender.com/mutant,4598,0,73
1730587202408,5026,100Peticiones,403,Forbidden,Thread Group 1-35,,false,,273,332,44,44,https://parcialback-rf6a.onrender.com/mutant,5026,0,311
1730587202408,5026,100Peticiones,403,Forbidden,Thread Group 1-35,,false,,273,332,44,44,https://parcialback-rf6a.onrender.com/mutant,5026,0,311
1730587202897,4754,100Peticiones,403,Forbidden,Thread Group 1-84,,false,,273,332,43,43,https://parcialback-rf6a.onrender.com/mutant,4754,0,75
1730587202897,4754,100Peticiones,403,Forbidden,Thread Group 1-84,,false,,273,332,43,43,https://parcialback-rf6a.onrender.com/mutant,4754,0,75
1730587202778,4933,100Peticiones,403,Forbidden,Thread Group 1-72,,false,,273,332,42,42,https://parcialback-rf6a.onrender.com/mutant,4933,0,71
1730587202778,4933,100Peticiones,403,Forbidden,Thread Group 1-72,,false,,273,332,42,42,https://parcialback-rf6a.onrender.com/mutant,4933,0,71
1730587202166,5788,100Peticiones,403,Forbidden,Thread Group 1-11,,false,,273,332,41,41,https://parcialback-rf6a.onrender.com/mutant,5788,0,562
1730587202166,5788,100Peticiones,403,Forbidden,Thread Group 1-11,,false,,273,332,41,41,https://parcialback-rf6a.onrender.com/mutant,5788,0,562
1730587202518,5629,100Peticiones,403,Forbidden,Thread Group 1-46,,false,,273,332,40,40,https://parcialback-rf6a.onrender.com/mutant,5629,0,201
1730587202518,5629,100Peticiones,403,Forbidden,Thread Group 1-46,,false,,273,332,40,40,https://parcialback-rf6a.onrender.com/mutant,5629,0,201
1730587202152,6268,100Peticiones,403,Forbidden,Thread Group 1-6,,false,,273,332,39,39,https://parcialback-rf6a.onrender.com/mutant,6268,0,572
1730587202152,6268,100Peticiones,403,Forbidden,Thread Group 1-6,,false,,273,332,39,39,https://parcialback-rf6a.onrender.com/mutant,6268,0,572
1730587202928,5680,100Peticiones,403,Forbidden,Thread Group 1-87,,false,,273,332,38,38,https://parcialback-rf6a.onrender.com/mutant,5680,0,65
1730587202928,5680,100Peticiones,403,Forbidden,Thread Group 1-87,,false,,273,332,38,38,https://parcialback-rf6a.onrender.com/mutant,5680,0,65
1730587202916,5714,100Peticiones,200,OK,Thread Group 1-86,,true,,266,332,37,37,https://parcialback-rf6a.onrender.com/mutant,5714,0,66
1730587202916,5714,100Peticiones,200,OK,Thread Group 1-86,,true,,266,332,37,37,https://parcialback-rf6a.onrender.com/mutant,5714,0,66
1730587202152,27904,100Peticiones,403,Forbidden,Thread Group 1-2,,false,,273,332,36,36,https://parcialback-rf6a.onrender.com/mutant,27904,0,567
1730587202152,27904,100Peticiones,403,Forbidden,Thread Group 1-2,,false,,273,332,36,36,https://parcialback-rf6a.onrender.com/mutant,27904,0,567
1730587202296,28523,100Peticiones,200,OK,Thread Group 1-24,,true,,266,332,35,35,https://parcialback-rf6a.onrender.com/mutant,28523,0,424
1730587202296,28523,100Peticiones,200,OK,Thread Group 1-24,,true,,266,332,35,35,https://parcialback-rf6a.onrender.com/mutant,28523,0,424
1730587202286,28660,100Peticiones,403,Forbidden,Thread Group 1-23,,false,,273,332,34,34,https://parcialback-rf6a.onrender.com/mutant,28660,0,438
1730587202286,28660,100Peticiones,403,Forbidden,Thread Group 1-23,,false,,273,332,34,34,https://parcialback-rf6a.onrender.com/mutant,28660,0,438
1730587202679,28535,100Peticiones,403,Forbidden,Thread Group 1-60,,false,,273,332,33,33,https://parcialback-rf6a.onrender.com/mutant,28535,0,78
1730587202679,28535,100Peticiones,403,Forbidden,Thread Group 1-60,,false,,273,332,33,33,https://parcialback-rf6a.onrender.com/mutant,28535,0,78
1730587202537,28771,100Peticiones,200,OK,Thread Group 1-48,,true,,266,332,32,32,https://parcialback-rf6a.onrender.com/mutant,28771,0,191
1730587202537,28771,100Peticiones,200,OK,Thread Group 1-48,,true,,266,332,32,32,https://parcialback-rf6a.onrender.com/mutant,28771,0,191
1730587202479,28916,100Peticiones,403,Forbidden,Thread Group 1-42,,false,,273,332,31,31,https://parcialback-rf6a.onrender.com/mutant,28916,0,249
1730587202479,28916,100Peticiones,403,Forbidden,Thread Group 1-42,,false,,273,332,31,31,https://parcialback-rf6a.onrender.com/mutant,28916,0,249
1730587202796,28647,100Peticiones,403,Forbidden,Thread Group 1-74,,false,,273,332,30,30,https://parcialback-rf6a.onrender.com/mutant,28646,0,84
1730587202796,28647,100Peticiones,403,Forbidden,Thread Group 1-74,,false,,273,332,30,30,https://parcialback-rf6a.onrender.com/mutant,28646,0,84
1730587202207,29620,100Peticiones,403,Forbidden,Thread Group 1-15,,false,,273,332,29,29,https://parcialback-rf6a.onrender.com/mutant,29620,0,522
1730587202207,29620,100Peticiones,403,Forbidden,Thread Group 1-15,,false,,273,332,29,29,https://parcialback-rf6a.onrender.com/mutant,29620,0,522
1730587202607,29257,100Peticiones,403,Forbidden,Thread Group 1-55,,false,,273,332,28,28,https://parcialback-rf6a.onrender.com/mutant,29257,0,121
1730587202607,29257,100Peticiones,403,Forbidden,Thread Group 1-55,,false,,273,332,28,28,https://parcialback-rf6a.onrender.com/mutant,29257,0,121
1730587202152,29965,100Peticiones,200,OK,Thread Group 1-1,,true,,266,332,27,27,https://parcialback-rf6a.onrender.com/mutant,29965,0,568
1730587202152,29965,100Peticiones,200,OK,Thread Group 1-1,,true,,266,332,27,27,https://parcialback-rf6a.onrender.com/mutant,29965,0,568
1730587202152,29973,100Peticiones,200,OK,Thread Group 1-7,,true,,266,332,26,26,https://parcialback-rf6a.onrender.com/mutant,29973,0,573
1730587202152,29973,100Peticiones,200,OK,Thread Group 1-7,,true,,266,332,26,26,https://parcialback-rf6a.onrender.com/mutant,29973,0,573
1730587202688,29772,100Peticiones,403,Forbidden,Thread Group 1-63,,false,,273,332,25,25,https://parcialback-rf6a.onrender.com/mutant,29772,0,71
1730587202688,29772,100Peticiones,403,Forbidden,Thread Group 1-63,,false,,273,332,25,25,https://parcialback-rf6a.onrender.com/mutant,29772,0,71
1730587202556,29906,100Peticiones,403,Forbidden,Thread Group 1-50,,false,,273,332,24,24,https://parcialback-rf6a.onrender.com/mutant,29906,0,169
1730587202556,29906,100Peticiones,403,Forbidden,Thread Group 1-50,,false,,273,332,24,24,https://parcialback-rf6a.onrender.com/mutant,29906,0,169
1730587202697,29784,100Peticiones,403,Forbidden,Thread Group 1-64,,false,,273,332,23,23,https://parcialback-rf6a.onrender.com/mutant,29784,0,72
1730587202697,29784,100Peticiones,403,Forbidden,Thread Group 1-64,,false,,273,332,23,23,https://parcialback-rf6a.onrender.com/mutant,29784,0,72
1730587202768,30200,100Peticiones,200,OK,Thread Group 1-71,,true,,266,332,22,22,https://parcialback-rf6a.onrender.com/mutant,30200,0,69
1730587202768,30200,100Peticiones,200,OK,Thread Group 1-71,,true,,266,332,22,22,https://parcialback-rf6a.onrender.com/mutant,30200,0,69
1730587202997,30092,100Peticiones,403,Forbidden,Thread Group 1-94,,false,,273,332,21,21,https://parcialback-rf6a.onrender.com/mutant,30092,0,63
1730587202997,30092,100Peticiones,403,Forbidden,Thread Group 1-94,,false,,273,332,21,21,https://parcialback-rf6a.onrender.com/mutant,30092,0,63
1730587202955,30198,100Peticiones,200,OK,Thread Group 1-90,,true,,266,332,20,20,https://parcialback-rf6a.onrender.com/mutant,30198,0,65
1730587202955,30198,100Peticiones,200,OK,Thread Group 1-90,,true,,266,332,20,20,https://parcialback-rf6a.onrender.com/mutant,30198,0,65
1730587202757,30434,100Peticiones,403,Forbidden,Thread Group 1-70,,false,,273,332,19,19,https://parcialback-rf6a.onrender.com/mutant,30434,0,66
1730587202757,30434,100Peticiones,403,Forbidden,Thread Group 1-70,,false,,273,332,19,19,https://parcialback-rf6a.onrender.com/mutant,30434,0,66
1730587202787,30625,100Peticiones,200,OK,Thread Group 1-73,,true,,266,332,18,18,https://parcialback-rf6a.onrender.com/mutant,30625,0,66
1730587202787,30625,100Peticiones,200,OK,Thread Group 1-73,,true,,266,332,18,18,https://parcialback-rf6a.onrender.com/mutant,30625,0,66
1730587202886,30646,100Peticiones,403,Forbidden,Thread Group 1-83,,false,,273,332,17,17,https://parcialback-rf6a.onrender.com/mutant,30646,0,66
1730587202886,30646,100Peticiones,403,Forbidden,Thread Group 1-83,,false,,273,332,17,17,https://parcialback-rf6a.onrender.com/mutant,30646,0,66
1730587202152,32147,100Peticiones,403,Forbidden,Thread Group 1-8,,false,,273,332,16,16,https://parcialback-rf6a.onrender.com/mutant,32147,0,577
1730587202152,32147,100Peticiones,403,Forbidden,Thread Group 1-8,,false,,273,332,16,16,https://parcialback-rf6a.onrender.com/mutant,32147,0,577
1730587202347,32184,100Peticiones,200,OK,Thread Group 1-29,,true,,266,332,15,15,https://parcialback-rf6a.onrender.com/mutant,32184,0,380
1730587202347,32184,100Peticiones,200,OK,Thread Group 1-29,,true,,266,332,15,15,https://parcialback-rf6a.onrender.com/mutant,32184,0,380
1730587202937,31832,100Peticiones,200,OK,Thread Group 1-88,,true,,266,332,14,14,https://parcialback-rf6a.onrender.com/mutant,31832,0,64
1730587202937,31832,100Peticiones,200,OK,Thread Group 1-88,,true,,266,332,14,14,https://parcialback-rf6a.onrender.com/mutant,31832,0,64
1730587202736,32173,100Peticiones,200,OK,Thread Group 1-68,,true,,266,332,13,13,https://parcialback-rf6a.onrender.com/mutant,32173,0,67
1730587202736,32173,100Peticiones,200,OK,Thread Group 1-68,,true,,266,332,13,13,https://parcialback-rf6a.onrender.com/mutant,32173,0,67
1730587203226,31932,100Peticiones,403,Forbidden,Thread Group 1-99,,false,,273,332,12,12,https://parcialback-rf6a.onrender.com/mutant,31932,0,68
1730587203226,31932,100Peticiones,403,Forbidden,Thread Group 1-99,,false,,273,332,12,12,https://parcialback-rf6a.onrender.com/mutant,31932,0,68
1730587202587,32817,100Peticiones,403,Forbidden,Thread Group 1-53,,false,,273,332,11,11,https://parcialback-rf6a.onrender.com/mutant,32817,0,142
1730587202587,32817,100Peticiones,403,Forbidden,Thread Group 1-53,,false,,273,332,11,11,https://parcialback-rf6a.onrender.com/mutant,32817,0,142
1730587202328,33157,100Peticiones,403,Forbidden,Thread Group 1-27,,false,,273,332,10,10,https://parcialback-rf6a.onrender.com/mutant,33157,0,392
1730587202328,33157,100Peticiones,403,Forbidden,Thread Group 1-27,,false,,273,332,10,10,https://parcialback-rf6a.onrender.com/mutant,33157,0,392
1730587202980,32517,100Peticiones,403,Forbidden,Thread Group 1-92,,false,,273,332,9,9,https://parcialback-rf6a.onrender.com/mutant,32517,0,67
1730587202980,32517,100Peticiones,403,Forbidden,Thread Group 1-92,,false,,273,332,9,9,https://parcialback-rf6a.onrender.com/mutant,32517,0,67
1730587202906,33080,100Peticiones,403,Forbidden,Thread Group 1-85,,false,,273,332,8,8,https://parcialback-rf6a.onrender.com/mutant,33080,0,64
1730587202906,33080,100Peticiones,403,Forbidden,Thread Group 1-85,,false,,273,332,8,8,https://parcialback-rf6a.onrender.com/mutant,33080,0,64
1730587202706,33376,100Peticiones,403,Forbidden,Thread Group 1-65,,false,,273,332,7,7,https://parcialback-rf6a.onrender.com/mutant,33376,0,75
1730587202706,33376,100Peticiones,403,Forbidden,Thread Group 1-65,,false,,273,332,7,7,https://parcialback-rf6a.onrender.com/mutant,33376,0,75
1730587202878,33302,100Peticiones,403,Forbidden,Thread Group 1-82,,false,,273,332,6,6,https://parcialback-rf6a.onrender.com/mutant,33302,0,67
1730587202878,33302,100Peticiones,403,Forbidden,Thread Group 1-82,,false,,273,332,6,6,https://parcialback-rf6a.onrender.com/mutant,33302,0,67
1730587202680,33537,100Peticiones,403,Forbidden,Thread Group 1-61,,false,,273,332,5,5,https://parcialback-rf6a.onrender.com/mutant,33537,0,79
1730587202680,33537,100Peticiones,403,Forbidden,Thread Group 1-61,,false,,273,332,5,5,https://parcialback-rf6a.onrender.com/mutant,33537,0,79
1730587202967,33798,100Peticiones,200,OK,Thread Group 1-91,,true,,266,332,4,4,https://parcialback-rf6a.onrender.com/mutant,33798,0,65
1730587202967,33798,100Peticiones,200,OK,Thread Group 1-91,,true,,266,332,4,4,https://parcialback-rf6a.onrender.com/mutant,33798,0,65
1730587202837,33959,100Peticiones,403,Forbidden,Thread Group 1-78,,false,,273,332,3,3,https://parcialback-rf6a.onrender.com/mutant,33959,0,85
1730587202837,33959,100Peticiones,403,Forbidden,Thread Group 1-78,,false,,273,332,3,3,https://parcialback-rf6a.onrender.com/mutant,33959,0,85
1730587203037,33857,100Peticiones,403,Forbidden,Thread Group 1-98,,false,,273,332,2,2,https://parcialback-rf6a.onrender.com/mutant,33857,0,66
1730587203037,33857,100Peticiones,403,Forbidden,Thread Group 1-98,,false,,273,332,2,2,https://parcialback-rf6a.onrender.com/mutant,33857,0,66
1730587202828,34096,100Peticiones,403,Forbidden,Thread Group 1-77,,false,,273,332,1,1,https://parcialback-rf6a.onrender.com/mutant,34096,0,77
1730587202828,34096,100Peticiones,403,Forbidden,Thread Group 1-77,,false,,273,332,1,1,https://parcialback-rf6a.onrender.com/mutant,34096,0,77
